[
  {
    "id": "1756830884147",
    "nome": "Controle Sony DualSense PS5, Sem Fio, Midnight Black - 3006452",
    "preco": 398.99,
    "descricao": "controle",
    "categoria": "Eletrônicos",
    "imagem": "https://drive.google.com/file/d/1jPXw4fl14s4sthG5lkBvOcrQNvka4ME2/view?usp=drive_link",
    "createdAt": "2025-09-02T16:34:44.147Z",
    "updatedAt": "2025-09-02T16:54:26.658Z"
  },
  {
    "id": "1756831542800",
    "nome": "Controle Joypad Xbox Series X/S Wireless com Bluetooth Verde",
    "preco": 569.05,
    "descricao": "controle",
    "categoria": "Eletrônicos",
    "imagem": "https://drive.google.com/file/d/1Uyf6LcscxpWVwiCfHAEfOLrEQOHRaO0a/view?usp=drive_link",
    "createdAt": "2025-09-02T16:45:42.800Z",
    "updatedAt": "2025-09-02T16:45:42.800Z"
  },
  {
    "id": "1756831755280",
    "nome": "Pista Hot Wheels City Looping de Ataque do Crocodilo Mattel",
    "preco": 198,
    "descricao": "pista",
    "categoria": "Eletrônicos",
    "imagem": "https://drive.google.com/file/d/1Uyf6LcscxpWVwiCfHAEfOLrEQOHRaO0a/view?usp=drive_link",
    "createdAt": "2025-09-02T16:49:15.280Z",
    "updatedAt": "2025-09-02T16:49:15.280Z"
  },
  {
    "id": "1756832005273",
    "nome": "Batman - Vitória Sombria - Volume 1 Loeb, Jeph",
    "preco": 115,
    "descricao": "HQ",
    "categoria": "Livros",
    "imagem": "https://drive.google.com/file/d/1fckr2691qkpmBd7cP5EMmUGUmBHErnNv/view?usp=drive_link",
    "createdAt": "2025-09-02T16:53:25.273Z",
    "updatedAt": "2025-09-02T16:53:25.273Z"
  },
  {
    "id": "1756832237368",
    "nome": "Batman - A Piada Mortal",
    "preco": 24.7,
    "descricao": "livro",
    "categoria": "Livros",
    "imagem": "https://drive.google.com/file/d/1yI73l7pXd09u19Hv8b0FKQaj2We40zzM/view?usp=drive_link",
    "createdAt": "2025-09-02T16:57:17.368Z",
    "updatedAt": "2025-09-02T16:57:17.368Z"
  },
  {
    "id": "1756832338985",
    "nome": "mouse",
    "preco": 90,
    "descricao": "mouse",
    "categoria": "Eletrônicos",
    "imagem": "https://drive.google.com/file/d/1Uyf6LcscxpWVwiCfHAEfOLrEQOHRaO0a/view?usp=drive_link",
    "createdAt": "2025-09-02T16:58:58.985Z",
    "updatedAt": "2025-09-02T16:58:58.985Z"
  },
  {
    "id": "1756832436961",
    "nome": "Fone gaymer",
    "preco": 100,
    "descricao": "fone",
    "categoria": "Eletrônicos",
    "imagem": "https://drive.google.com/file/d/19s1GCoCag-sWthA3b4VexUFtdzCxzkq-/view?usp=drive_link",
    "createdAt": "2025-09-02T17:00:36.961Z",
    "updatedAt": "2025-09-02T17:00:36.961Z"
  },
  {
    "id": "1756832549482",
    "nome": "Fio dental",
    "preco": 50,
    "descricao": "sexy shop",
    "categoria": "Roupas",
    "imagem": "https://drive.google.com/file/d/1P7wsKPapjOHowW2JMdYZR1pUmTq5cJAQ/view?usp=drive_link",
    "createdAt": "2025-09-02T17:02:29.482Z",
    "updatedAt": "2025-09-02T17:02:29.482Z"
  },
  {
    "id": "1756832684505",
    "nome": "Casa Habiteto",
    "preco": 100000,
    "descricao": "Muito boa a localização",
    "categoria": "Casa",
    "imagem": "https://drive.google.com/file/d/1HwF6CQDfS3mmjGta9LriqXqJLZYRWJfF/view?usp=drive_link",
    "createdAt": "2025-09-02T17:04:44.505Z",
    "updatedAt": "2025-09-02T17:04:44.505Z"
  }
]